<?xml version="1.0" encoding="utf-8" ?>
<dwsync>
<file name="1.png" server="admin.vconstructhome.com//" local="132820439227979034" remote="132820998000000000" Dst="0" />
<file name="4.png" server="admin.vconstructhome.com//" local="132820439228038994" remote="132820998000000000" Dst="0" />
<file name="3.png" server="admin.vconstructhome.com//" local="132820439228019003" remote="132820998000000000" Dst="0" />
<file name="2.png" server="admin.vconstructhome.com//" local="132820439227999019" remote="132820998000000000" Dst="0" />
<file name="5.png" server="admin.vconstructhome.com//" local="132820439228058991" remote="132820998000000000" Dst="0" />
<file name="app-intro.png" server="admin.vconstructhome.com//" local="132820439228078977" remote="132820998000000000" Dst="0" />
<file name="bg.svg" server="admin.vconstructhome.com//" local="132820439228088963" remote="132820998000000000" Dst="0" />
<file name="contact.jpg" server="admin.vconstructhome.com//" local="132820439228098967" remote="132820998000000000" Dst="0" />
<file name="map.html" server="admin.vconstructhome.com//" local="132820439228138931" remote="132820998000000000" Dst="0" />
<file name="map.svg" server="admin.vconstructhome.com//" local="132820439228158924" remote="132820998000000000" Dst="0" />
<file name="service1.jpg" server="admin.vconstructhome.com//" local="132820439228498709" remote="132820998000000000" Dst="0" />
<file name="service2.jpg" server="admin.vconstructhome.com//" local="132820439228518703" remote="132820998000000000" Dst="0" />
</dwsync>