<?xml version="1.0" encoding="utf-8" ?>
<dwsync>
<file name="bootstrap.min.css" server="admin.vconstructhome.com//" local="132820439228188900" remote="132820998000000000" Dst="0" />
<file name="chunk-common.fd58ce71.css" server="admin.vconstructhome.com//" local="132820439228238873" remote="132820998000000000" Dst="0" />
<file name="chunk-vendors.f7735fe5.css" server="admin.vconstructhome.com//" local="132820439228298835" remote="132820998000000000" Dst="0" />
<file name="world-map.cdc27902.css" server="admin.vconstructhome.com//" local="132820439228478727" remote="132820998000000000" Dst="0" />
<file name="chunk-common.456e7a53.js.download" server="admin.vconstructhome.com//" local="132820439228218952" remote="132820998000000000" Dst="0" />
<file name="analytics.js.download" server="admin.vconstructhome.com//" local="132820439228168917" remote="132820998000000000" Dst="0" />
<file name="chunk-vendors.3821d9cf.js.download" server="admin.vconstructhome.com//" local="132820439228288842" remote="132820998000000000" Dst="0" />
<file name="jquery-3.5.1.slim.min.js.download" server="admin.vconstructhome.com//" local="132820439228308840" remote="132820998000000000" Dst="0" />
<file name="popper.min.js.download" server="admin.vconstructhome.com//" local="132820439228328814" remote="132820998000000000" Dst="0" />
<file name="bootstrap.min.js.download" server="admin.vconstructhome.com//" local="132820439228198899" remote="132820998000000000" Dst="0" />
<file name="js" server="admin.vconstructhome.com//" local="132820439228318828" remote="132820998000000000" Dst="0" />
<file name="world-map.692cc84d.js.download" server="admin.vconstructhome.com//" local="132820439228458734" remote="132820998000000000" Dst="0" />
</dwsync>